Model,MSE,R^2
Linear Regression,65.36822476021533,0.0005384312027028049
Decision Tree,4.244671360980669,0.9351001818844449
Random Forest,3.2222366711149273,0.9507329175580002
SVM,9.723465774454711,0.8513309732254182
Linear Regression,118851978614.1882,0.36546259082936705
Decision Tree,13103341672.352587,0.9300427256390695
Random Forest,13038672298.77137,0.9303879881853341
SVM,203755199024.9375,-0.08782619861993801
